time,Total gas used
2022-12-29 00:00,1000.000
2022-12-30 00:00,1008.538
2022-12-31 00:00,1015.786
2023-01-01 00:00,1020.852
2023-01-02 00:00,1024.808
2023-01-03 00:00,1030.544
2023-01-04 00:00,1041.617
2023-01-05 00:00,1047.233
2023-01-06 00:00,1052.466
2023-01-07 00:00,1057.265
2023-01-08 00:00,1062.863
2023-01-09 00:00,1069.889
2023-01-10 00:00,1078.681
2023-01-11 00:00,1090.485
2023-01-12 00:00,1094.634
2023-01-13 00:00,1101.403
2023-01-14 00:00,1108.931
2023-01-15 00:00,1118.540
2023-01-16 00:00,1130.839
2023-01-17 00:00,1142.146
2023-01-18 00:00,1159.157
2023-01-19 00:00,1174.207
2023-01-20 00:00,1189.655
2023-01-21 00:00,1204.804
2023-01-22 00:00,1221.626
2023-01-23 00:00,1239.445
2023-01-24 00:00,1255.998
2023-01-25 00:00,1271.138
2023-01-26 00:00,1286.994
2023-01-27 00:00,1300.525
2023-01-28 00:00,1313.037
2023-01-29 00:00,1324.227
2023-01-30 00:00,1338.371
2023-01-31 00:00,1348.677
2023-02-01 00:00,1359.802
2023-02-02 00:00,1370.586
2023-02-03 00:00,1380.448
2023-02-04 00:00,1386.912
2023-02-05 00:00,1394.922
2023-02-06 00:00,1403.605
2023-02-07 00:00,1414.415
2023-02-08 00:00,1431.885
2023-02-09 00:00,1447.132
2023-02-10 00:00,1463.782
2023-02-11 00:00,1471.057
2023-02-12 00:00,1480.309
2023-02-13 00:00,1490.426
2023-02-14 00:00,1496.077
2023-02-15 00:00,1508.305
2023-02-16 00:00,1519.465
2023-02-17 00:00,1526.140
2023-02-18 00:00,1531.310
2023-02-19 00:00,1537.580
2023-02-20 00:00,1547.568
2023-02-21 00:00,1556.908
2023-02-22 00:00,1563.531
2023-02-23 00:00,1571.863
2023-02-24 00:00,1580.180
2023-02-25 00:00,1590.260
2023-02-26 00:00,1603.315
2023-02-27 00:00,1616.416
2023-02-28 00:00,1628.335
2023-03-01 00:00,1640.100
2023-03-02 00:00,1655.268
2023-03-03 00:00,1666.944
2023-03-04 00:00,1677.532
2023-03-05 00:00,1686.871
2023-03-06 00:00,1699.525
2023-03-07 00:00,1712.084
2023-03-08 00:00,1726.174
2023-03-09 00:00,1744.383
2023-03-10 00:00,1761.076
2023-03-11 00:00,1778.362
2023-03-12 00:00,1791.669
2023-03-13 00:00,1803.940
2023-03-14 00:00,1807.428
2023-03-15 00:00,1812.401
2023-03-16 00:00,1825.565
2023-03-17 00:00,1832.867
2023-03-18 00:00,1836.482
2023-03-19 00:00,1839.823
2023-03-20 00:00,1845.660
2023-03-21 00:00,1851.312
2023-03-22 00:00,1856.845
2023-03-23 00:00,1860.562
2023-03-24 00:00,1865.170
2023-03-25 00:00,1868.955
2023-03-26 00:00,1875.466
2023-03-27 00:00,1881.812
2023-03-28 00:00,1891.820
2023-03-29 00:00,1901.452
2023-03-30 00:00,1910.923
2023-03-31 00:00,1914.498
2023-04-01 00:00,1918.368
2023-04-02 00:00,1922.025
2023-04-03 00:00,1932.945
2023-04-04 00:00,1940.344
2023-04-05 00:00,1948.577
2023-04-06 00:00,1958.622
2023-04-07 00:00,1966.520
2023-04-08 00:00,1972.655
2023-04-09 00:00,1977.769
2023-04-10 00:00,1982.215
2023-04-11 00:00,1985.681
2023-04-12 00:00,1988.797
2023-04-13 00:00,1993.892
2023-04-14 00:00,1999.983
2023-04-15 00:00,2005.837
2023-04-16 00:00,2011.052
2023-04-17 00:00,2015.419
2023-04-18 00:00,2020.415
2023-04-19 00:00,2025.762
2023-04-20 00:00,2029.331
2023-04-21 00:00,2034.456
2023-04-22 00:00,2038.007
2023-04-23 00:00,2041.978
2023-04-24 00:00,2045.461
2023-04-25 00:00,2049.480
2023-04-26 00:00,2055.273
2023-04-27 00:00,2066.012
2023-04-28 00:00,2072.698
2023-04-29 00:00,2076.264
2023-04-30 00:00,2080.615
2023-05-01 00:00,2087.110
2023-05-02 00:00,2089.108
2023-05-03 00:00,2092.162
2023-05-04 00:00,2095.743
2023-05-05 00:00,2097.549
2023-05-06 00:00,2099.328
2023-05-07 00:00,2100.872
2023-05-08 00:00,2103.284
2023-05-09 00:00,2105.074
2023-05-10 00:00,2107.400
2023-05-11 00:00,2110.016
2023-05-12 00:00,2112.450
2023-05-13 00:00,2114.490
2023-05-14 00:00,2116.504
2023-05-15 00:00,2118.423
2023-05-16 00:00,2123.160
2023-05-17 00:00,2126.590
2023-05-18 00:00,2130.900
2023-05-19 00:00,2134.808
2023-05-20 00:00,2138.035
2023-05-21 00:00,2141.303
2023-05-22 00:00,2142.102
2023-05-23 00:00,2142.964
2023-05-24 00:00,2145.155
2023-05-25 00:00,2147.770
2023-05-26 00:00,2150.189
2023-05-27 00:00,2152.796
2023-05-28 00:00,2156.667
2023-05-29 00:00,2158.131
2023-05-30 00:00,2160.055
2023-05-31 00:00,2161.972
2023-06-01 00:00,2164.569
2023-06-02 00:00,2166.944
2023-06-03 00:00,2169.340
2023-06-04 00:00,2170.851
2023-06-05 00:00,2173.795
2023-06-06 00:00,2175.913
2023-06-07 00:00,2177.541
2023-06-08 00:00,2179.835
2023-06-09 00:00,2181.710
2023-06-10 00:00,2183.160
2023-06-11 00:00,2184.667
2023-06-12 00:00,2186.114
2023-06-13 00:00,2187.621
2023-06-14 00:00,2189.084
2023-06-15 00:00,2191.365
2023-06-16 00:00,2192.894
2023-06-17 00:00,2194.465
2023-06-18 00:00,2196.170
2023-06-19 00:00,2197.815
2023-06-20 00:00,2198.690
2023-06-21 00:00,2200.210
2023-06-22 00:00,2201.739
2023-06-23 00:00,2202.356
2023-06-24 00:00,2203.492
2023-06-25 00:00,2204.322
2023-06-26 00:00,2205.275
2023-06-27 00:00,2205.968
2023-06-28 00:00,2207.431
2023-06-29 00:00,2209.472
2023-06-30 00:00,2210.203
2023-07-01 00:00,2211.152
2023-07-02 00:00,2213.365
2023-07-03 00:00,2214.226
2023-07-04 00:00,2215.644
2023-07-05 00:00,2216.240
2023-07-06 00:00,2217.819
2023-07-07 00:00,2219.223
2023-07-08 00:00,2219.975
2023-07-09 00:00,2221.631
2023-07-10 00:00,2222.793
2023-07-11 00:00,2224.210
2023-07-12 00:00,2225.649
2023-07-13 00:00,2226.286
2023-07-14 00:00,2227.045
2023-07-15 00:00,2227.648
2023-07-16 00:00,2229.566
2023-07-17 00:00,2230.454
2023-07-18 00:00,2231.123
2023-07-19 00:00,2233.096
2023-07-20 00:00,2234.510
2023-07-21 00:00,2235.963
2023-07-22 00:00,2237.639
2023-07-23 00:00,2239.258
2023-07-24 00:00,2240.682
2023-07-25 00:00,2242.025
2023-07-26 00:00,2243.616
2023-07-27 00:00,2245.154
2023-07-28 00:00,2246.573
2023-07-29 00:00,2247.188
2023-07-30 00:00,2248.703
2023-07-31 00:00,2249.384
2023-08-01 00:00,2250.386
2023-08-02 00:00,2252.001
2023-08-03 00:00,2252.815
2023-08-04 00:00,2254.349
2023-08-05 00:00,2255.886
2023-08-06 00:00,2257.489
2023-08-07 00:00,2258.992
2023-08-08 00:00,2259.698
2023-08-09 00:00,2261.232
2023-08-10 00:00,2263.351
2023-08-11 00:00,2264.430
2023-08-12 00:00,2265.322
2023-08-13 00:00,2266.099
2023-08-14 00:00,2267.319
2023-08-15 00:00,2268.419
2023-08-16 00:00,2269.861
2023-08-17 00:00,2270.725
2023-08-18 00:00,2271.682
2023-08-19 00:00,2273.426
2023-08-20 00:00,2274.211
2023-08-21 00:00,2275.485
2023-08-22 00:00,2276.521
2023-08-23 00:00,2277.205
2023-08-24 00:00,2278.903
2023-08-25 00:00,2279.909
2023-08-26 00:00,2280.995
2023-08-27 00:00,2282.413
2023-08-28 00:00,2283.080
2023-08-29 00:00,2285.384
2023-08-30 00:00,2286.888
2023-08-31 00:00,2288.659
2023-09-01 00:00,2289.730
2023-09-02 00:00,2291.810
2023-09-03 00:00,2293.154
2023-09-04 00:00,2295.219
2023-09-05 00:00,2296.578
2023-09-06 00:00,2297.496
2023-09-07 00:00,2298.504
2023-09-08 00:00,2299.865
2023-09-09 00:00,2300.752
2023-09-10 00:00,2302.666
2023-09-11 00:00,2303.778
2023-09-12 00:00,2305.144
2023-09-13 00:00,2306.590
2023-09-14 00:00,2308.599
2023-09-15 00:00,2309.875
2023-09-16 00:00,2311.593
2023-09-17 00:00,2313.293
2023-09-18 00:00,2314.035
2023-09-19 00:00,2316.277
2023-09-20 00:00,2317.964
2023-09-21 00:00,2319.952
2023-09-22 00:00,2320.599
2023-09-23 00:00,2321.861
2023-09-24 00:00,2324.372
2023-09-25 00:00,2326.564
2023-09-26 00:00,2327.384
2023-09-27 00:00,2328.089
2023-09-28 00:00,2330.624
2023-09-29 00:00,2332.994
2023-09-30 00:00,2337.921
2023-10-01 00:00,2343.215
2023-10-02 00:00,2347.169
2023-10-03 00:00,2351.210
2023-10-04 00:00,2355.753
2023-10-05 00:00,2361.841
2023-10-06 00:00,2366.837
2023-10-07 00:00,2371.057
2023-10-08 00:00,2375.267
2023-10-09 00:00,2380.000
2023-10-10 00:00,2384.198
2023-10-11 00:00,2387.707
2023-10-12 00:00,2392.311
2023-10-13 00:00,2398.182
2023-10-14 00:00,2401.829
2023-10-15 00:00,2408.540
2023-10-16 00:00,2416.593
2023-10-17 00:00,2424.312
2023-10-18 00:00,2428.441
2023-10-19 00:00,2434.193
2023-10-20 00:00,2436.851
2023-10-21 00:00,2440.364
2023-10-22 00:00,2443.425
2023-10-23 00:00,2447.588
2023-10-24 00:00,2454.046
2023-10-25 00:00,2460.926
2023-10-26 00:00,2469.234
2023-10-27 00:00,2476.868
2023-10-28 00:00,2482.130
2023-10-29 00:00,2487.331
2023-10-30 00:00,2494.568
2023-10-31 00:00,2500.583
2023-11-01 00:00,2506.003
2023-11-02 00:00,2510.513
2023-11-03 00:00,2517.969
2023-11-04 00:00,2525.036
2023-11-05 00:00,2533.040
2023-11-06 00:00,2539.716
2023-11-07 00:00,2551.716
2023-11-08 00:00,2559.665
2023-11-09 00:00,2567.549
2023-11-10 00:00,2576.646
2023-11-11 00:00,2587.018
2023-11-12 00:00,2597.600
2023-11-13 00:00,2609.002
2023-11-14 00:00,2617.166
2023-11-15 00:00,2622.687
2023-11-16 00:00,2631.799
2023-11-17 00:00,2642.642
2023-11-18 00:00,2655.312
2023-11-19 00:00,2665.147
2023-11-20 00:00,2669.402
2023-11-21 00:00,2676.803
2023-11-22 00:00,2687.753
2023-11-23 00:00,2703.814
2023-11-24 00:00,2710.804
2023-11-25 00:00,2723.525
2023-11-26 00:00,2737.422
2023-11-27 00:00,2753.152
2023-11-28 00:00,2766.193
2023-11-29 00:00,2783.318
2023-11-30 00:00,2800.274
2023-12-01 00:00,2821.703
2023-12-02 00:00,2843.722
2023-12-03 00:00,2862.141
2023-12-04 00:00,2879.057
2023-12-05 00:00,2898.013
2023-12-06 00:00,2915.222
2023-12-07 00:00,2932.984
2023-12-08 00:00,2951.929
2023-12-09 00:00,2963.877
2023-12-10 00:00,2973.915
2023-12-11 00:00,2982.813
2023-12-12 00:00,2992.905
2023-12-13 00:00,3002.068
2023-12-14 00:00,3011.594
2023-12-15 00:00,3021.335
2023-12-16 00:00,3030.073
2023-12-17 00:00,3040.114
2023-12-18 00:00,3050.317
2023-12-19 00:00,3058.719
2023-12-20 00:00,3067.679
2023-12-21 00:00,3078.724
2023-12-22 00:00,3088.678
2023-12-23 00:00,3097.734
2023-12-24 00:00,3106.310
2023-12-25 00:00,3113.619
2023-12-26 00:00,3118.369
2023-12-27 00:00,3126.800
2023-12-28 00:00,3136.002
2023-12-29 00:00,3142.785
2023-12-30 00:00,3150.675
2023-12-31 00:00,3160.075
2024-01-01 00:00,3168.285
2024-01-02 00:00,3179.686
2024-01-03 00:00,3187.640
2024-01-04 00:00,3198.699
2024-01-05 00:00,3207.442
2024-01-06 00:00,3218.089
2024-01-07 00:00,3234.743
2024-01-08 00:00,3252.841
2024-01-09 00:00,3271.880
2024-01-10 00:00,3296.493
2024-01-11 00:00,3321.435
2024-01-12 00:00,3345.016
2024-01-13 00:00,3358.960
2024-01-14 00:00,3377.896
2024-01-15 00:00,3391.908
2024-01-16 00:00,3409.206
2024-01-17 00:00,3428.041
2024-01-18 00:00,3448.545
2024-01-19 00:00,3470.913
2024-01-20 00:00,3489.862
2024-01-21 00:00,3513.308
2024-01-22 00:00,3532.516
2024-01-23 00:00,3542.963
2024-01-24 00:00,3551.850
2024-01-25 00:00,3560.281
2024-01-26 00:00,3570.352
2024-01-27 00:00,3580.323
2024-01-28 00:00,3596.062
2024-01-29 00:00,3611.467
2024-01-30 00:00,3621.307
2024-01-31 00:00,3632.554
2024-02-01 00:00,3644.283
2024-02-02 00:00,3656.391
2024-02-03 00:00,3667.214
2024-02-04 00:00,3676.114
2024-02-05 00:00,3683.733
2024-02-06 00:00,3692.952
2024-02-07 00:00,3700.587
2024-02-08 00:00,3714.673
2024-02-09 00:00,3731.692
2024-02-10 00:00,3737.383
2024-02-11 00:00,3743.304
2024-02-12 00:00,3752.368
2024-02-13 00:00,3763.749
2024-02-14 00:00,3775.020
2024-02-15 00:00,3781.407
2024-02-16 00:00,3785.844
2024-02-17 00:00,3791.735
2024-02-18 00:00,3799.333
2024-02-19 00:00,3808.207
2024-02-20 00:00,3817.808
2024-02-21 00:00,3826.832
2024-02-22 00:00,3837.195
2024-02-23 00:00,3844.616
2024-02-24 00:00,3857.024
2024-02-25 00:00,3869.244
2024-02-26 00:00,3880.913
2024-02-27 00:00,3893.423
2024-02-28 00:00,3905.987
2024-02-29 00:00,3917.335
2024-03-01 00:00,3926.747
2024-03-02 00:00,3935.835
2024-03-03 00:00,3941.754
2024-03-04 00:00,3948.136
2024-03-05 00:00,3956.371
2024-03-06 00:00,3966.116
2024-03-07 00:00,3976.468
2024-03-08 00:00,3989.571
2024-03-09 00:00,3999.548
2024-03-10 00:00,4006.831
2024-03-11 00:00,4014.247
2024-03-12 00:00,4022.206
2024-03-13 00:00,4029.815
2024-03-14 00:00,4036.844
2024-03-15 00:00,4041.714
2024-03-16 00:00,4045.780
2024-03-17 00:00,4054.199
2024-03-18 00:00,4060.835
2024-03-19 00:00,4066.244
2024-03-20 00:00,4071.315
2024-03-21 00:00,4076.441
2024-03-22 00:00,4083.129
2024-03-23 00:00,4088.398
2024-03-24 00:00,4098.833
2024-03-25 00:00,4108.915
2024-03-26 00:00,4118.229
2024-03-27 00:00,4126.000
2024-03-28 00:00,4132.843
2024-03-29 00:00,4141.493
2024-03-30 00:00,4148.214
2024-03-31 00:00,4155.441
2024-04-01 00:00,4161.083
2024-04-02 00:00,4167.482
2024-04-03 00:00,4173.841
2024-04-04 00:00,4180.001
2024-04-05 00:00,4184.219
2024-04-06 00:00,4187.373
2024-04-07 00:00,4189.088
2024-04-08 00:00,4191.720
2024-04-09 00:00,4193.699
2024-04-10 00:00,4196.508
2024-04-11 00:00,4200.644
2024-04-12 00:00,4203.405
2024-04-13 00:00,4205.336
2024-04-14 00:00,4206.686
2024-04-15 00:00,4210.265
2024-04-16 00:00,4216.988
2024-04-17 00:00,4223.830
2024-04-18 00:00,4233.013
2024-04-19 00:00,4240.521
2024-04-20 00:00,4247.322
2024-04-21 00:00,4257.048
2024-04-22 00:00,4265.698
2024-04-23 00:00,4274.109
2024-04-24 00:00,4284.237
2024-04-25 00:00,4293.532
2024-04-26 00:00,4302.593
2024-04-27 00:00,4308.540
2024-04-28 00:00,4313.738
2024-04-29 00:00,4317.980
2024-04-30 00:00,4321.763
2024-05-01 00:00,4323.912
2024-05-02 00:00,4326.127
2024-05-03 00:00,4327.816
2024-05-04 00:00,4330.251
2024-05-05 00:00,4332.955
2024-05-06 00:00,4335.844
2024-05-07 00:00,4337.677
2024-05-08 00:00,4339.061
2024-05-09 00:00,4342.968
2024-05-10 00:00,4346.017
2024-05-11 00:00,4348.174
2024-05-12 00:00,4349.839
2024-05-13 00:00,4351.347
2024-05-14 00:00,4352.693
2024-05-15 00:00,4353.495
2024-05-16 00:00,4355.703
2024-05-17 00:00,4357.295
2024-05-18 00:00,4358.713
2024-05-19 00:00,4360.717
2024-05-20 00:00,4361.523
2024-05-21 00:00,4363.191
2024-05-22 00:00,4364.666
2024-05-23 00:00,4367.012
2024-05-24 00:00,4368.850
2024-05-25 00:00,4370.248
2024-05-26 00:00,4371.858
2024-05-27 00:00,4373.145
2024-05-28 00:00,4375.237
2024-05-29 00:00,4378.550
2024-05-30 00:00,4381.357
2024-05-31 00:00,4383.201
2024-06-01 00:00,4384.184
2024-06-02 00:00,4385.195
2024-06-03 00:00,4386.773
2024-06-04 00:00,4388.222
2024-06-05 00:00,4389.797
2024-06-06 00:00,4392.656
2024-06-07 00:00,4394.386
2024-06-08 00:00,4396.879
2024-06-09 00:00,4398.868
2024-06-10 00:00,4401.258
2024-06-11 00:00,4405.091
2024-06-12 00:00,4408.942
2024-06-13 00:00,4412.273
2024-06-14 00:00,4414.589
2024-06-15 00:00,4416.024
2024-06-16 00:00,4418.753
2024-06-17 00:00,4420.033
2024-06-18 00:00,4422.271
2024-06-19 00:00,4423.904
2024-06-20 00:00,4426.821
2024-06-21 00:00,4428.258
2024-06-22 00:00,4429.591
2024-06-23 00:00,4431.055
2024-06-24 00:00,4433.132
2024-06-25 00:00,4434.356
2024-06-26 00:00,4436.028
2024-06-27 00:00,4438.194
2024-06-28 00:00,4439.606
2024-06-29 00:00,4440.860
2024-06-30 00:00,4441.836
2024-07-01 00:00,4443.176
2024-07-02 00:00,4444.440
2024-07-03 00:00,4445.816
2024-07-04 00:00,4447.838
2024-07-05 00:00,4449.417
2024-07-06 00:00,4450.366
2024-07-07 00:00,4451.148
2024-07-08 00:00,4452.768
2024-07-09 00:00,4454.649
2024-07-10 00:00,4455.924
2024-07-11 00:00,4457.362
2024-07-12 00:00,4458.416
2024-07-13 00:00,4460.866
2024-07-14 00:00,4462.360
2024-07-15 00:00,4463.082
2024-07-16 00:00,4464.314
2024-07-17 00:00,4465.864
2024-07-18 00:00,4466.858
2024-07-19 00:00,4467.670
2024-07-20 00:00,4469.168
2024-07-21 00:00,4470.561
2024-07-22 00:00,4472.099
2024-07-23 00:00,4472.772
2024-07-24 00:00,4474.212
2024-07-25 00:00,4475.658
2024-07-26 00:00,4477.272
2024-07-27 00:00,4478.837
2024-07-28 00:00,4480.446
2024-07-29 00:00,4481.166
2024-07-30 00:00,4481.768
2024-07-31 00:00,4482.411
2024-08-01 00:00,4483.871
2024-08-02 00:00,4485.365
2024-08-03 00:00,4486.920
2024-08-04 00:00,4488.881
2024-08-05 00:00,4489.497
2024-08-06 00:00,4490.810
2024-08-07 00:00,4491.440
2024-08-08 00:00,4493.412
2024-08-09 00:00,4494.440
2024-08-10 00:00,4495.323
2024-08-11 00:00,4496.193
2024-08-12 00:00,4497.875
2024-08-13 00:00,4498.874
2024-08-14 00:00,4499.664
2024-08-15 00:00,4500.548
2024-08-16 00:00,4501.538
2024-08-17 00:00,4502.403
2024-08-18 00:00,4503.316
2024-08-19 00:00,4504.722
2024-08-20 00:00,4506.110
2024-08-21 00:00,4506.907
2024-08-22 00:00,4509.658
2024-08-23 00:00,4510.596
2024-08-24 00:00,4511.773
2024-08-25 00:00,4512.947
2024-08-26 00:00,4513.882
2024-08-27 00:00,4516.147
2024-08-28 00:00,4517.052
2024-08-29 00:00,4519.083
2024-08-30 00:00,4519.782
2024-08-31 00:00,4521.072
2024-09-01 00:00,4522.503
2024-09-02 00:00,4523.591
2024-09-03 00:00,4525.260
2024-09-04 00:00,4526.215
2024-09-05 00:00,4527.800
2024-09-06 00:00,4528.821
2024-09-07 00:00,4530.311
2024-09-08 00:00,4531.382
2024-09-09 00:00,4532.166
2024-09-10 00:00,4533.780
2024-09-11 00:00,4535.156
2024-09-12 00:00,4538.496
2024-09-13 00:00,4541.206
2024-09-14 00:00,4543.195
2024-09-15 00:00,4546.878
2024-09-16 00:00,4548.757
2024-09-17 00:00,4552.152
2024-09-18 00:00,4553.281
2024-09-19 00:00,4554.741
2024-09-20 00:00,4555.484
2024-09-21 00:00,4556.983
2024-09-22 00:00,4557.913
2024-09-23 00:00,4558.583
2024-09-24 00:00,4560.415
2024-09-25 00:00,4562.392
2024-09-26 00:00,4563.564
2024-09-27 00:00,4565.668
2024-09-28 00:00,4567.880
2024-09-29 00:00,4573.655
2024-09-30 00:00,4579.488
2024-10-01 00:00,4585.258
2024-10-02 00:00,4589.838
2024-10-03 00:00,4595.170
2024-10-04 00:00,4602.076
2024-10-05 00:00,4610.936
2024-10-06 00:00,4616.890
2024-10-07 00:00,4623.335
2024-10-08 00:00,4625.414
2024-10-09 00:00,4627.069
2024-10-10 00:00,4629.249
2024-10-11 00:00,4634.194
2024-10-12 00:00,4641.441
2024-10-13 00:00,4648.206
2024-10-14 00:00,4658.061
2024-10-15 00:00,4663.530
2024-10-16 00:00,4672.049
2024-10-17 00:00,4675.713
2024-10-18 00:00,4677.418
2024-10-19 00:00,4679.257
2024-10-20 00:00,4681.967
2024-10-21 00:00,4685.413
2024-10-22 00:00,4687.427
2024-10-23 00:00,4692.786
2024-10-24 00:00,4700.275
2024-10-25 00:00,4705.698
2024-10-26 00:00,4709.090
2024-10-27 00:00,4713.556
2024-10-28 00:00,4717.598
2024-10-29 00:00,4722.748
2024-10-30 00:00,4727.297
2024-10-31 00:00,4730.829
2024-11-01 00:00,4738.183
2024-11-02 00:00,4743.912
2024-11-03 00:00,4750.552
2024-11-04 00:00,4761.680
2024-11-05 00:00,4773.860
2024-11-06 00:00,4785.987
2024-11-07 00:00,4797.219
2024-11-08 00:00,4808.291
2024-11-09 00:00,4820.677
2024-11-10 00:00,4831.663
2024-11-11 00:00,4840.626
2024-11-12 00:00,4849.176
2024-11-13 00:00,4860.278
2024-11-14 00:00,4867.664
2024-11-15 00:00,4877.693
2024-11-16 00:00,4884.004
2024-11-17 00:00,4892.088
2024-11-18 00:00,4901.711
2024-11-19 00:00,4913.881
2024-11-20 00:00,4926.706
2024-11-21 00:00,4945.744
2024-11-22 00:00,4964.280
2024-11-23 00:00,4982.225
2024-11-24 00:00,4999.016
2024-11-25 00:00,5003.752
2024-11-26 00:00,5009.900
2024-11-27 00:00,5024.603
2024-11-28 00:00,5034.560
2024-11-29 00:00,5043.855
2024-11-30 00:00,5056.053
2024-12-01 00:00,5072.144
2024-12-02 00:00,5088.412
2024-12-03 00:00,5096.188
2024-12-04 00:00,5109.930
2024-12-05 00:00,5126.442
2024-12-06 00:00,5138.066
2024-12-07 00:00,5149.892
2024-12-08 00:00,5160.823
2024-12-09 00:00,5172.236
2024-12-10 00:00,5184.499
2024-12-11 00:00,5197.643
2024-12-12 00:00,5212.355
2024-12-13 00:00,5226.421
2024-12-14 00:00,5244.394
2024-12-15 00:00,5260.354
2024-12-16 00:00,5272.141
2024-12-17 00:00,5280.343
2024-12-18 00:00,5289.160
2024-12-19 00:00,5298.470
2024-12-20 00:00,5309.141
2024-12-21 00:00,5322.841
2024-12-22 00:00,5332.568
2024-12-23 00:00,5346.328
2024-12-24 00:00,5360.274
2024-12-25 00:00,5371.995
2024-12-26 00:00,5380.018
2024-12-27 00:00,5395.170
2024-12-28 00:00,5411.244
2024-12-29 00:00,5429.913
2024-12-30 00:00,5444.988
2024-12-31 00:00,5458.339
2025-01-01 00:00,5473.175
2025-01-02 00:00,5485.593
2025-01-03 00:00,5505.278
2025-01-04 00:00,5524.031
2025-01-05 00:00,5542.104
2025-01-06 00:00,5557.829
2025-01-07 00:00,5570.455
2025-01-08 00:00,5587.114
2025-01-09 00:00,5606.147
2025-01-10 00:00,5623.609
2025-01-11 00:00,5642.634
2025-01-12 00:00,5663.198
2025-01-13 00:00,5679.811
2025-01-14 00:00,5699.642
2025-01-15 00:00,5718.217
2025-01-16 00:00,5730.512
2025-01-17 00:00,5746.303
2025-01-18 00:00,5765.341
2025-01-19 00:00,5787.104
2025-01-20 00:00,5807.532
2025-01-21 00:00,5829.456
2025-01-22 00:00,5852.588
2025-01-23 00:00,5870.882
2025-01-24 00:00,5886.311
2025-01-25 00:00,5900.043
2025-01-26 00:00,5913.158
2025-01-27 00:00,5929.191
2025-01-28 00:00,5939.682
2025-01-29 00:00,5951.583
2025-01-30 00:00,5963.097
2025-01-31 00:00,5977.829
2025-02-01 00:00,5994.465
2025-02-02 00:00,6015.525
2025-02-03 00:00,6035.537
2025-02-04 00:00,6053.586
2025-02-05 00:00,6069.508
2025-02-06 00:00,6082.078
2025-02-07 00:00,6096.254
2025-02-08 00:00,6113.693
2025-02-09 00:00,6130.684
2025-02-10 00:00,6147.838
2025-02-11 00:00,6168.663
2025-02-12 00:00,6186.454
2025-02-13 00:00,6203.591
2025-02-14 00:00,6222.386
2025-02-15 00:00,6242.154
2025-02-16 00:00,6261.887
2025-02-17 00:00,6280.106
2025-02-18 00:00,6299.068
2025-02-19 00:00,6319.325
2025-02-20 00:00,6338.757
2025-02-21 00:00,6351.673
2025-02-22 00:00,6356.889
2025-02-23 00:00,6364.399
2025-02-24 00:00,6372.712
2025-02-25 00:00,6381.315
2025-02-26 00:00,6389.538
2025-02-27 00:00,6399.093
2025-02-28 00:00,6410.283
2025-03-01 00:00,6422.513
2025-03-02 00:00,6436.127
2025-03-03 00:00,6452.117
2025-03-04 00:00,6468.765
2025-03-05 00:00,6481.555
2025-03-06 00:00,6494.020
2025-03-07 00:00,6503.656
2025-03-08 00:00,6510.482
2025-03-09 00:00,6516.847
2025-03-10 00:00,6523.819
2025-03-11 00:00,6532.315
2025-03-12 00:00,6544.146
2025-03-13 00:00,6555.513
2025-03-14 00:00,6571.572
2025-03-15 00:00,6588.290
2025-03-16 00:00,6604.371
2025-03-17 00:00,6616.591
2025-03-18 00:00,6627.062
2025-03-19 00:00,6638.025
2025-03-20 00:00,6647.259
2025-03-21 00:00,6655.364
2025-03-22 00:00,6659.642
2025-03-23 00:00,6662.040
2025-03-24 00:00,6665.021
2025-03-25 00:00,6671.029
2025-03-26 00:00,6678.162
2025-03-27 00:00,6685.642
2025-03-28 00:00,6694.120
2025-03-29 00:00,6702.409
2025-03-30 00:00,6710.214
2025-03-31 00:00,6716.862
2025-04-01 00:00,6723.684
2025-04-02 00:00,6731.450
2025-04-03 00:00,6737.747
2025-04-04 00:00,6741.489
2025-04-05 00:00,6746.725
2025-04-06 00:00,6751.737
2025-04-07 00:00,6757.808
2025-04-08 00:00,6765.706
2025-04-09 00:00,6773.429
2025-04-10 00:00,6782.024
2025-04-11 00:00,6789.283
2025-04-12 00:00,6795.109
2025-04-13 00:00,6799.140
2025-04-14 00:00,6802.142
2025-04-15 00:00,6805.312
2025-04-16 00:00,6808.137
2025-04-17 00:00,6813.202
2025-04-18 00:00,6818.581
2025-04-19 00:00,6823.293
2025-04-20 00:00,6828.655
2025-04-21 00:00,6833.973
2025-04-22 00:00,6839.194
2025-04-23 00:00,6843.966
2025-04-24 00:00,6848.373
2025-04-25 00:00,6852.741
2025-04-26 00:00,6857.957
2025-04-27 00:00,6863.430
2025-04-28 00:00,6867.609
2025-04-29 00:00,6870.814
2025-04-30 00:00,6874.008
2025-05-01 00:00,6877.716
2025-05-02 00:00,6879.084
2025-05-03 00:00,6880.054
2025-05-04 00:00,6883.079
2025-05-05 00:00,6886.117
2025-05-06 00:00,6891.261
2025-05-07 00:00,6896.386
2025-05-08 00:00,6901.605
2025-05-09 00:00,6905.020
2025-05-10 00:00,6909.709
2025-05-11 00:00,6911.973
2025-05-12 00:00,6914.264
2025-05-13 00:00,6916.075
2025-05-14 00:00,6917.415
2025-05-15 00:00,6921.056
2025-05-16 00:00,6923.316
2025-05-17 00:00,6926.974
2025-05-18 00:00,6930.954
2025-05-19 00:00,6932.802
2025-05-20 00:00,6935.229
2025-05-21 00:00,6937.145
2025-05-22 00:00,6939.966
2025-05-23 00:00,6942.900
2025-05-24 00:00,6947.709
2025-05-25 00:00,6951.562
2025-05-26 00:00,6953.696
2025-05-27 00:00,6955.269
2025-05-28 00:00,6958.518
2025-05-29 00:00,6960.468
2025-05-30 00:00,6962.522
2025-05-31 00:00,6963.671
2025-06-01 00:00,6965.505
2025-06-02 00:00,6966.519
2025-06-03 00:00,6968.368
2025-06-04 00:00,6970.472
2025-06-05 00:00,6971.563
2025-06-06 00:00,6973.940
2025-06-07 00:00,6975.531
2025-06-08 00:00,6977.471
2025-06-09 00:00,6980.106
2025-06-10 00:00,6983.382
2025-06-11 00:00,6985.418
2025-06-12 00:00,6988.524
2025-06-13 00:00,6990.703
2025-06-14 00:00,6993.246
2025-06-15 00:00,6994.201
2025-06-16 00:00,6995.668
2025-06-17 00:00,6996.915
2025-06-18 00:00,6998.794
2025-06-19 00:00,7000.416
2025-06-20 00:00,7001.863
2025-06-21 00:00,7004.006
2025-06-22 00:00,7004.760
2025-06-23 00:00,7005.565
2025-06-24 00:00,7006.442
2025-06-25 00:00,7008.146
2025-06-26 00:00,7009.691
2025-06-27 00:00,7010.385
2025-06-28 00:00,7011.179
2025-06-29 00:00,7012.567
2025-06-30 00:00,7013.856
2025-07-01 00:00,7015.121
2025-07-02 00:00,7016.319
2025-07-03 00:00,7017.485
2025-07-04 00:00,7018.192
2025-07-05 00:00,7019.421
2025-07-06 00:00,7020.236
2025-07-07 00:00,7022.256
2025-07-08 00:00,7023.525
2025-07-09 00:00,7024.809
2025-07-10 00:00,7026.561
2025-07-11 00:00,7027.681
2025-07-12 00:00,7028.960
2025-07-13 00:00,7029.698
2025-07-14 00:00,7031.162
2025-07-15 00:00,7031.764
2025-07-16 00:00,7032.747
2025-07-17 00:00,7034.726
2025-07-18 00:00,7035.491
2025-07-19 00:00,7037.407
2025-07-20 00:00,7038.457
2025-07-21 00:00,7039.262
2025-07-22 00:00,7039.988
2025-07-23 00:00,7041.427
2025-07-24 00:00,7042.158
2025-07-25 00:00,7043.831
2025-07-26 00:00,7045.079
2025-07-27 00:00,7045.818
2025-07-28 00:00,7047.243
2025-07-29 00:00,7048.051
2025-07-30 00:00,7048.852
2025-07-31 00:00,7049.964
2025-08-01 00:00,7051.365
2025-08-02 00:00,7052.191
2025-08-03 00:00,7053.638
2025-08-04 00:00,7054.354
2025-08-05 00:00,7055.921
2025-08-06 00:00,7057.017
2025-08-07 00:00,7058.064
2025-08-08 00:00,7060.106
2025-08-09 00:00,7061.343
2025-08-10 00:00,7062.644
2025-08-11 00:00,7063.493
2025-08-12 00:00,7065.644
2025-08-13 00:00,7066.398
2025-08-14 00:00,7068.563
2025-08-15 00:00,7069.315
2025-08-16 00:00,7070.703
2025-08-17 00:00,7071.919
2025-08-18 00:00,7073.552
2025-08-19 00:00,7075.139
2025-08-20 00:00,7076.183
2025-08-21 00:00,7077.918
2025-08-22 00:00,7078.938
2025-08-23 00:00,7080.176
2025-08-24 00:00,7082.780
2025-08-25 00:00,7086.540
2025-08-26 00:00,7089.880
2025-08-27 00:00,7091.743
2025-08-28 00:00,7093.394
2025-08-29 00:00,7094.276
2025-08-30 00:00,7095.861
2025-08-31 00:00,7097.695
2025-09-01 00:00,7099.124
2025-09-02 00:00,7100.579
2025-09-03 00:00,7101.823
2025-09-04 00:00,7103.349
2025-09-05 00:00,7104.281
2025-09-06 00:00,7106.718
2025-09-07 00:00,7109.856
2025-09-08 00:00,7112.396
2025-09-09 00:00,7113.000
2025-09-10 00:00,7115.201
2025-09-11 00:00,7118.452
2025-09-12 00:00,7119.673
2025-09-13 00:00,7122.438
2025-09-14 00:00,7124.589
2025-09-15 00:00,7128.181
2025-09-16 00:00,7130.285
2025-09-17 00:00,7132.560
2025-09-18 00:00,7134.972
2025-09-19 00:00,7136.401
2025-09-20 00:00,7137.895
2025-09-21 00:00,7138.572
2025-09-22 00:00,7141.232
2025-09-23 00:00,7145.051
2025-09-24 00:00,7149.632
2025-09-25 00:00,7154.776
2025-09-26 00:00,7158.536
2025-09-27 00:00,7161.610
2025-09-28 00:00,7165.105
2025-09-29 00:00,7170.078
2025-09-30 00:00,7174.194
2025-10-01 00:00,7178.371
2025-10-02 00:00,7183.800
2025-10-03 00:00,7187.963
2025-10-04 00:00,7193.142
2025-10-05 00:00,7196.869
2025-10-06 00:00,7202.727
2025-10-07 00:00,7206.341
2025-10-08 00:00,7208.759
2025-10-09 00:00,7211.833
2025-10-10 00:00,7215.027
2025-10-11 00:00,7217.951
2025-10-12 00:00,7219.814
2025-10-13 00:00,7222.942
2025-10-14 00:00,7225.363
2025-10-15 00:00,7228.489
2025-10-16 00:00,7232.905
2025-10-17 00:00,7237.746
2025-10-18 00:00,7242.651
2025-10-19 00:00,7250.049
2025-10-20 00:00,7257.719
2025-10-21 00:00,7261.493
2025-10-22 00:00,7264.727
2025-10-23 00:00,7269.056
2025-10-24 00:00,7273.927
2025-10-25 00:00,7282.000
2025-10-26 00:00,7295.485
2025-10-27 00:00,7309.714
2025-10-28 00:00,7321.037
2025-10-29 00:00,7329.807
2025-10-30 00:00,7338.119
2025-10-31 00:00,7348.446
2025-11-01 00:00,7355.973
2025-11-02 00:00,7363.135
2025-11-03 00:00,7371.888
2025-11-04 00:00,7379.546
2025-11-05 00:00,7385.025
2025-11-06 00:00,7389.896
2025-11-07 00:00,7396.781
2025-11-08 00:00,7403.528
2025-11-09 00:00,7414.066
2025-11-10 00:00,7420.675
2025-11-11 00:00,7430.491
2025-11-12 00:00,7438.680
2025-11-13 00:00,7446.196
2025-11-14 00:00,7452.100
2025-11-15 00:00,7459.302
2025-11-16 00:00,7470.713
2025-11-17 00:00,7483.062
2025-11-18 00:00,7499.208
2025-11-19 00:00,7514.517
2025-11-20 00:00,7529.723
2025-11-21 00:00,7548.047
2025-11-22 00:00,7567.669
2025-11-23 00:00,7588.397
2025-11-24 00:00,7610.217
2025-11-25 00:00,7628.481
2025-11-26 00:00,7645.476
2025-11-27 00:00,7662.301
2025-11-28 00:00,7677.377
2025-11-29 00:00,7688.552
2025-11-30 00:00,7698.886
2025-12-01 00:00,7713.393
2025-12-02 00:00,7727.721
2025-12-03 00:00,7740.753
2025-12-04 00:00,7752.428
2025-12-05 00:00,7765.628
2025-12-06 00:00,7782.183
2025-12-07 00:00,7794.886
2025-12-08 00:00,7803.152
2025-12-09 00:00,7811.545
2025-12-10 00:00,7817.377
2025-12-11 00:00,7826.073
2025-12-12 00:00,7836.641
2025-12-13 00:00,7848.431
2025-12-14 00:00,7860.881
2025-12-15 00:00,7873.018
2025-12-16 00:00,7885.090
2025-12-17 00:00,7896.210
2025-12-18 00:00,7907.705
2025-12-19 00:00,7916.886
2025-12-20 00:00,7927.345
2025-12-21 00:00,7941.100
2025-12-22 00:00,7953.640
2025-12-23 00:00,7968.413
2025-12-24 00:00,7984.895
2025-12-25 00:00,8007.735
2025-12-26 00:00,8030.118
2025-12-27 00:00,8055.667
2025-12-28 00:00,8076.794
2025-12-29 00:00,8093.245
2025-12-30 00:00,8109.801
2025-12-31 00:00,8129.420
2026-01-01 00:00,8147.114
2026-01-02 00:00,8161.817
2026-01-03 00:00,8180.112
2026-01-04 00:00,8199.478
2026-01-05 00:00,8218.213
2026-01-06 00:00,8238.463
2026-01-07 00:00,8258.981
2026-01-08 00:00,8283.234
2026-01-09 00:00,8309.319
2026-01-10 00:00,8328.395
2026-01-11 00:00,8353.259
2026-01-12 00:00,8375.982
2026-01-13 00:00,8392.598
2026-01-14 00:00,8406.879
2026-01-15 00:00,8421.244
2026-01-16 00:00,8432.978
2026-01-17 00:00,8444.415
2026-01-18 00:00,8456.723
2026-01-19 00:00,8473.211
2026-01-20 00:00,8490.689
2026-01-21 00:00,8508.820
2026-01-22 00:00,8525.961
2026-01-23 00:00,8544.836
2026-01-24 00:00,8562.604
2026-01-25 00:00,8576.656
2026-01-26 00:00,8599.615
2026-01-27 00:00,8620.137
2026-01-28 00:00,8639.126
2026-01-29 00:00,8657.503
2026-01-30 00:00,8676.391
2026-01-31 00:00,8698.011
2026-02-01 00:00,8713.649
2026-02-02 00:00,8729.163
2026-02-03 00:00,8746.334
2026-02-04 00:00,8769.589
2026-02-05 00:00,8784.910
2026-02-06 00:00,8803.886
2026-02-07 00:00,8822.067
2026-02-08 00:00,8833.719
2026-02-09 00:00,8846.341
2026-02-10 00:00,8860.567
2026-02-11 00:00,8875.204
2026-02-12 00:00,8884.136
2026-02-13 00:00,8894.682
2026-02-14 00:00,8910.076
2026-02-15 00:00,8927.051
2026-02-16 00:00,8946.379
2026-02-17 00:00,8961.965
2026-02-18 00:00,8976.324
2026-02-19 00:00,8991.990
2026-02-20 00:00,9006.397
2026-02-21 00:00,9020.960
2026-02-22 00:00,9030.864
2026-02-23 00:00,9040.351
2026-02-24 00:00,9049.033
2026-02-25 00:00,9056.644
2026-02-26 00:00,9062.536
2026-02-27 00:00,9066.874
2026-02-28 00:00,9071.386
2026-03-01 00:00,9081.229
2026-03-02 00:00,9089.982
2026-03-03 00:00,9097.419
2026-03-04 00:00,9105.404
2026-03-05 00:00,9113.811
2026-03-06 00:00,9124.811
2026-03-07 00:00,9132.337
2026-03-08 00:00,9139.629
2026-03-09 00:00,9146.880
2026-03-10 00:00,9154.239
2026-03-11 00:00,9161.164
2026-03-12 00:00,9171.115
2026-03-13 00:00,9178.572
2026-03-14 00:00,9188.030
2026-03-15 00:00,9200.263
2026-03-16 00:00,9210.672
2026-03-17 00:00,9220.081
2026-03-18 00:00,9227.344
2026-03-19 00:00,9234.923
2026-03-20 00:00,9242.110
2026-03-21 00:00,9250.093
2026-03-22 00:00,9260.333
2026-03-23 00:00,9269.679
2026-03-24 00:00,9276.238
2026-03-25 00:00,9282.522
2026-03-26 00:00,9294.413
2026-03-27 00:00,9307.131
2026-03-28 00:00,9319.511
2026-03-29 00:00,9329.190
2026-03-30 00:00,9339.496
2026-03-31 00:00,9350.132
2026-04-01 00:00,9361.241
2026-04-02 00:00,9372.249
2026-04-03 00:00,9381.458
2026-04-04 00:00,9390.580
2026-04-05 00:00,9396.453
2026-04-06 00:00,9401.049
2026-04-07 00:00,9408.376
2026-04-08 00:00,9414.837
2026-04-09 00:00,9420.553
2026-04-10 00:00,9423.552
2026-04-11 00:00,9428.312
2026-04-12 00:00,9433.626
2026-04-13 00:00,9440.762
2026-04-14 00:00,9447.079
2026-04-15 00:00,9454.163
